"id","name","price","count"
"1482168292579","bed","5000.0","6"
"1482168326253","bed","5000.0","6"
"1482168326672","bed","5000.0","6"
"1482168369954","bed","5000.0","6"
"1482168369955","table","1000.0","16"
"1482168370435","bed","5000.0","6"
"1482168493601","bed","5000.0","6"
"1482168545260","table","1000.0","16"
"1482184052581","desk","100.0","5"
"1482184052643","desk","100.0","5"
"1482184052659","desk","100.0","5"
"1482184052674","desk","100.0","5"
"1482184052690","desk","100.0","5"
"1482184052706","desk","100.0","5"
"1482184052721","desk","100.0","5"
"1482184052737","desk","100.0","5"
"1482184052752","desk","100.0","5"
"1482184052768","desk","100.0","5"
"1482184189088","desk","100.0","5"
"1482184189103","desk","100.0","5"
"1482184189119","desk","100.0","5"
"1482184189135","desk","100.0","5"
"1482184189166","desk","100.0","5"
"1482184189244","desk","100.0","5"
"1482184189275","desk","100.0","5"
"1482184189322","desk","100.0","5"
"1482184189338","desk","100.0","5"
"1482184189369","desk","100.0","5"
"1482184373853","desk","100.0","5"
"1482184373869","desk","100.0","5"
"1482184373885","desk","100.0","5"
"1482184373900","desk","100.0","5"
"1482184373926","desk","100.0","5"
"1482184373943","desk","100.0","5"
"1482184373963","desk","100.0","5"
"1482184373978","desk","100.0","5"
"1482184373996","desk","100.0","5"
"1482184374010","desk","100.0","5"
"1482184828244","desk","100.0","5"
"1482184828260","desk","100.0","5"
"1482184828275","desk","100.0","5"
"1482184828291","desk","100.0","5"
"1482184828307","desk","100.0","5"
"1482184828354","desk","100.0","5"
"1482184828369","desk","100.0","5"
"1482184828416","desk","100.0","5"
"1482184828432","desk","100.0","5"
"1482184828447","desk","100.0","5"
"1482184916834","desk","100.0","5"
"1482184916866","desk","100.0","5"
"1482184916904","desk","100.0","5"
"1482184916925","desk","100.0","5"
"1482184916950","desk","100.0","5"
"1482184917059","desk","100.0","5"
"1482184917114","desk","100.0","5"
"1482184917165","desk","100.0","5"
"1482184917181","desk","100.0","5"
"1482184917206","desk","100.0","5"
"1482185340998","desk","100.0","5"
"1482185341018","desk","100.0","5"
"1482185341040","desk","100.0","5"
"1482185341059","desk","100.0","5"
"1482185341078","desk","100.0","5"
"1482185341104","desk","100.0","5"
"1482185341119","desk","100.0","5"
"1482185341132","desk","100.0","5"
"1482185341146","desk","100.0","5"
"1482185341160","desk","100.0","5"
"1482214408651","desk","100.0","5"
"1482214408674","desk","100.0","5"
"1482214408701","desk","100.0","5"
"1482214408729","desk","100.0","5"
"1482214408769","desk","100.0","5"
"1482214408797","desk","100.0","5"
"1482214408819","desk","100.0","5"
"1482214408848","desk","100.0","5"
"1482214408889","desk","100.0","5"
"1482214408911","desk","100.0","5"
"1482500292408","desk","100.0","5"
"1482500292486","desk","100.0","5"
"1482500292517","desk","100.0","5"
"1482500292533","desk","100.0","5"
"1482500292611","desk","100.0","5"
"1482500292705","desk","100.0","5"
"1482500292720","desk","100.0","5"
"1482500292767","desk","100.0","5"
"1482500292798","desk","100.0","5"
"1482500292830","desk","100.0","5"
"1482500359819","desk","100.0","5"
"1482500359866","desk","100.0","5"
"1482500359882","desk","100.0","5"
"1482500359913","desk","100.0","5"
"1482500359945","desk","100.0","5"
"1482500359969","desk","100.0","5"
"1482500359990","desk","100.0","5"
"1482500360006","desk","100.0","5"
"1482500360021","desk","100.0","5"
"1482500360053","desk","100.0","5"
"1482500588151","desk","100.0","5"
"1482500588202","table","200.0","5"
"1482500588920","desk","100.0","5"
"1482500588958","desk","100.0","5"
"1482500588984","desk","100.0","5"
"1482500589010","desk","100.0","5"
"1482500589028","desk","100.0","5"
"1482500589046","desk","100.0","5"
"1482500589067","desk","100.0","5"
"1482500589088","desk","100.0","5"
"1482500589110","desk","100.0","5"
"1482500589167","desk","100.0","5"
"1482504216966","desk","100.0","5"
"1482504218153","desk","100.0","5"
"1482504218196","desk","100.0","5"
"1482504218229","desk","100.0","5"
"1482504218262","desk","100.0","5"
"1482504218281","desk","100.0","5"
"1482504218304","desk","100.0","5"
"1482504218324","desk","100.0","5"
"1482504218345","desk","100.0","5"
"1482504218366","desk","100.0","5"
"1482504218392","desk","100.0","5"
"1482504349616","desk","100.0","5"
"1482504349745","table","200.0","5"
"1482504350560","desk","100.0","5"
"1482504350622","desk","100.0","5"
"1482504350653","desk","100.0","5"
"1482504350669","desk","100.0","5"
"1482504350703","desk","100.0","5"
"1482504350723","desk","100.0","5"
"1482504350742","desk","100.0","5"
"1482504350756","desk","100.0","5"
"1482504350771","desk","100.0","5"
"1482504350810","desk","100.0","5"
"1482504930488","desk","100.0","5"
"1482504930550","table","200.0","5"
"1482504931440","desk","100.0","5"
"1482504931470","desk","100.0","5"
"1482504931493","desk","100.0","5"
"1482504931509","desk","100.0","5"
"1482504931524","desk","100.0","5"
"1482504931540","desk","100.0","5"
"1482504931556","desk","100.0","5"
"1482504931587","desk","100.0","5"
"1482504931603","desk","100.0","5"
"1482504931618","desk","100.0","5"
"1482505072000","desk","100.0","5"
"1482505072042","table","200.0","5"
"1482505072891","desk","100.0","5"
"1482505072926","desk","100.0","5"
"1482505072953","desk","100.0","5"
"1482505072993","desk","100.0","5"
"1482505073020","desk","100.0","5"
"1482505073048","desk","100.0","5"
"1482505073120","desk","100.0","5"
"1482505073141","desk","100.0","5"
"1482505073164","desk","100.0","5"
"1482505073187","desk","100.0","5"
"1482505148758","desk","100.0","5"
"1482505148805","desk","100.0","5"
"1482505148820","desk","100.0","5"
"1482505148852","desk","100.0","5"
"1482505148867","desk","100.0","5"
"1482505148883","desk","100.0","5"
"1482505148914","desk","100.0","5"
"1482505148930","desk","100.0","5"
"1482505149086","desk","100.0","5"
"1482505149212","desk","100.0","5"
"1482505284337","desk","100.0","5"
"1482505284384","desk","100.0","5"
"1482505284415","desk","100.0","5"
"1482505284431","desk","100.0","5"
"1482505284447","desk","100.0","5"
"1482505284478","desk","100.0","5"
"1482505284525","desk","100.0","5"
"1482505284556","desk","100.0","5"
"1482505284603","desk","100.0","5"
"1482505284634","desk","100.0","5"
"1482505998195","desk","100.0","5"
"1482505998293","table","200.0","5"
"1482505998837","desk","100.0","5"
"1482505998869","desk","100.0","5"
"1482505998900","desk","100.0","5"
"1482505998915","desk","100.0","5"
"1482505998931","desk","100.0","5"
"1482505998947","desk","100.0","5"
"1482505998978","desk","100.0","5"
"1482505998994","desk","100.0","5"
"1482505999009","desk","100.0","5"
"1482505999040","desk","100.0","5"
"1482506078734","desk","100.0","5"
"1482506078780","table","200.0","5"
"1482506079690","desk","100.0","5"
"1482506079728","desk","100.0","5"
"1482506079755","desk","100.0","5"
"1482506079782","desk","100.0","5"
"1482506079800","desk","100.0","5"
"1482506079818","desk","100.0","5"
"1482506079838","desk","100.0","5"
"1482506079855","desk","100.0","5"
"1482506079871","desk","100.0","5"
"1482506079918","desk","100.0","5"
"1482506198264","desk","100.0","5"
"1482506198318","table","200.0","5"
"1482506198878","desk","100.0","5"
"1482506198910","desk","100.0","5"
"1482506198925","desk","100.0","5"
"1482506198958","desk","100.0","5"
"1482506198982","desk","100.0","5"
"1482506198992","desk","100.0","5"
"1482506199023","desk","100.0","5"
"1482506199054","desk","100.0","5"
"1482506199070","desk","100.0","5"
"1482506199086","desk","100.0","5"
"1482506253911","desk","100.0","5"
"1482506253962","table","200.0","5"
"1482506254642","desk","100.0","5"
"1482506254731","desk","100.0","5"
"1482506254773","desk","100.0","5"
"1482506254864","desk","100.0","5"
"1482506254915","desk","100.0","5"
"1482506254974","desk","100.0","5"
"1482506255031","desk","100.0","5"
"1482506255058","desk","100.0","5"
"1482506255085","desk","100.0","5"
"1482506255107","desk","100.0","5"
"1482506337848","desk","100.0","5"
"1482506337911","table","200.0","5"
"1482506338729","desk","100.0","5"
"1482506338754","desk","100.0","5"
"1482506338806","desk","100.0","5"
"1482506338860","desk","100.0","5"
"1482506338881","desk","100.0","5"
"1482506338900","desk","100.0","5"
"1482506338917","desk","100.0","5"
"1482506338934","desk","100.0","5"
"1482506338941","desk","100.0","5"
"1482506338973","desk","100.0","5"
"1482506443821","desk","100.0","5"
"1482506443900","table","200.0","5"
"1482506444042","desk","100.0","5"
"1482506444797","desk","100.0","5"
"1482506444821","desk","100.0","5"
"1482506444839","desk","100.0","5"
"1482506444858","desk","100.0","5"
"1482506444878","desk","100.0","5"
"1482506444897","desk","100.0","5"
"1482506444916","desk","100.0","5"
"1482506444936","desk","100.0","5"
"1482506444980","desk","100.0","5"
"1482506444999","desk","100.0","5"
"1482506490771","desk","100.0","5"
"1482506490915","table","200.0","5"
"1482506491157","desk","100.0","5"
"1482506491942","desk","100.0","5"
"1482506491995","desk","100.0","5"
"1482506492013","desk","100.0","5"
"1482506492057","desk","100.0","5"
"1482506492098","desk","100.0","5"
"1482506492125","desk","100.0","5"
"1482506492185","desk","100.0","5"
"1482506492214","desk","100.0","5"
"1482506492244","desk","100.0","5"
"1482506492282","desk","100.0","5"
"1482506583707","desk","100.0","5"
"1482506583836","table","200.0","5"
"1482506583973","desk","100.0","5"
"1482506584707","desk","100.0","5"
"1482506584785","desk","100.0","5"
"1482506584804","desk","100.0","5"
"1482506584841","desk","100.0","5"
"1482506584859","desk","100.0","5"
"1482506584910","desk","100.0","5"
"1482506584934","desk","100.0","5"
"1482506584958","desk","100.0","5"
"1482506584978","desk","100.0","5"
"1482506585002","desk","100.0","5"
"1482506665425","desk","100.0","5"
"1482506665488","table","200.0","5"
"1482506665566","desk","100.0","5"
"1482506666439","desk","100.0","5"
"1482506666461","desk","100.0","5"
"1482506666482","desk","100.0","5"
"1482506666503","desk","100.0","5"
"1482506666523","desk","100.0","5"
"1482506666544","desk","100.0","5"
"1482506666568","desk","100.0","5"
"1482506666618","desk","100.0","5"
"1482506666634","desk","100.0","5"
"1482506666657","desk","100.0","5"
"1482506899647","desk","100.0","5"
"1482506900185","table","200.0","5"
"1482506900830","desk","100.0","5"
"1482506909075","desk","100.0","5"
"1482506909560","desk","100.0","5"
"1482506910125","desk","100.0","5"
"1482506910731","desk","100.0","5"
"1482506911291","desk","100.0","5"
"1482506911986","desk","100.0","5"
"1482506912612","desk","100.0","5"
"1482506913252","desk","100.0","5"
"1482506913866","desk","100.0","5"
"1482506914355","desk","100.0","5"
"1482506981721","desk","100.0","5"
"1482506981800","table","200.0","5"
"1482506981862","desk","100.0","5"
"1482506982543","desk","100.0","5"
"1482506982578","desk","100.0","5"
"1482506982648","desk","100.0","5"
"1482506982674","desk","100.0","5"
"1482506982693","desk","100.0","5"
"1482506982717","desk","100.0","5"
"1482506982781","desk","100.0","5"
"1482506982827","desk","100.0","5"
"1482506982849","desk","100.0","5"
"1482506982868","desk","100.0","5"
"1482507052198","desk","100.0","5"
"1482507052874","table","200.0","5"
"1482507053468","desk","100.0","5"
"1482507062427","desk","100.0","5"
"1482507063014","desk","100.0","5"
"1482507063550","desk","100.0","5"
"1482507064100","desk","100.0","5"
"1482507064573","desk","100.0","5"
"1482507065134","desk","100.0","5"
"1482507065566","desk","100.0","5"
"1482507066202","desk","100.0","5"
"1482507066672","desk","100.0","5"
"1482507067173","desk","100.0","5"
